{"stats":{"minecraft:mined":{"minecraft:white_bed":1,"minecraft:iron_ore":44,"minecraft:andesite":1,"minecraft:crafting_table":1,"minecraft:short_grass":6,"minecraft:pointed_dripstone":2,"minecraft:dripstone_block":2,"minecraft:tall_grass":4,"minecraft:stone":27,"minecraft:sugar_cane":5},"minecraft:used":{"minecraft:lava_bucket":1,"minecraft:bread":6,"minecraft:iron_pickaxe":76,"minecraft:stone":1,"minecraft:stone_axe":7,"minecraft:cobblestone":4,"minecraft:crafting_table":1,"minecraft:bucket":1,"minecraft:white_bed":1},"minecraft:picked_up":{"minecraft:golden_helmet":1,"minecraft:crafting_table":2,"minecraft:raw_iron":44,"minecraft:andesite":1,"minecraft:torch":5,"minecraft:dripstone_block":2,"minecraft:oak_log":3,"minecraft:pointed_dripstone":6,"minecraft:white_bed":1,"minecraft:arrow":4,"minecraft:stone_axe":1,"minecraft:bread":17,"minecraft:sugar_cane":13,"minecraft:mutton":2,"minecraft:white_wool":1,"minecraft:cobblestone":26,"minecraft:wet_sponge":8},"minecraft:custom":{"minecraft:time_since_rest":26492,"minecraft:sprint_one_cm":82673,"minecraft:damage_taken":480,"minecraft:walk_one_cm":41101,"minecraft:mob_kills":3,"minecraft:damage_dealt":551,"minecraft:swim_one_cm":1624,"minecraft:interact_with_crafting_table":5,"minecraft:fly_one_cm":88505,"minecraft:open_chest":11,"minecraft:crouch_one_cm":479,"minecraft:play_time":32103,"minecraft:deaths":1,"minecraft:sneak_time":257,"minecraft:walk_under_water_one_cm":109,"minecraft:jump":414,"minecraft:leave_game":3,"minecraft:time_since_death":26435,"minecraft:walk_on_water_one_cm":1855,"minecraft:total_world_time":32103,"minecraft:fall_one_cm":13206},"minecraft:killed":{"minecraft:skeleton":2,"minecraft:sheep":1},"minecraft:crafted":{"minecraft:cherry_planks":60,"minecraft:crafting_table":1,"minecraft:stick":4,"minecraft:iron_pickaxe":1,"minecraft:stone_axe":1,"minecraft:bread":42}},"DataVersion":3700}