{"stats":{"minecraft:used":{"minecraft:lava_bucket":1,"minecraft:bucket":1},"minecraft:picked_up":{"minecraft:golden_helmet":1,"minecraft:crafting_table":1,"minecraft:stone_axe":1,"minecraft:torch":5,"minecraft:oak_log":3,"minecraft:bread":17,"minecraft:wet_sponge":8},"minecraft:custom":{"minecraft:time_since_rest":4256,"minecraft:open_chest":1,"minecraft:play_time":9867,"minecraft:sprint_one_cm":9428,"minecraft:walk_one_cm":7145,"minecraft:damage_taken":240,"minecraft:deaths":1,"minecraft:sneak_time":33,"minecraft:jump":36,"minecraft:damage_dealt":8,"minecraft:leave_game":1,"minecraft:time_since_death":4199,"minecraft:walk_on_water_one_cm":143,"minecraft:total_world_time":9867,"minecraft:fall_one_cm":1024,"minecraft:fly_one_cm":5918}},"DataVersion":3700}