{"stats":{"minecraft:mined":{"minecraft:tuff":16,"minecraft:white_bed":3,"minecraft:deepslate_diamond_ore":73,"minecraft:obsidian":16,"minecraft:granite":1,"minecraft:acacia_log":7,"minecraft:grass_block":3,"minecraft:spawner":2,"minecraft:hay_block":6,"minecraft:iron_ore":67,"minecraft:fire":3,"minecraft:andesite":2,"minecraft:deepslate_lapis_ore":13,"minecraft:pointed_dripstone":2,"minecraft:stone":35,"minecraft:deepslate_redstone_ore":29,"minecraft:oak_fence":2,"minecraft:crafting_table":8,"minecraft:short_grass":26,"minecraft:tall_grass":4,"minecraft:cobblestone":1,"minecraft:sugar_cane":44,"minecraft:diorite":4,"minecraft:wall_torch":1,"minecraft:oak_log":5,"minecraft:coal_ore":63,"minecraft:oak_fence_gate":1,"minecraft:dripstone_block":2,"minecraft:dirt":10,"minecraft:cobweb":9,"minecraft:oak_leaves":10,"minecraft:deepslate":218,"minecraft:fern":2},"minecraft:used":{"minecraft:shield":12,"minecraft:iron_sword":46,"minecraft:stone":1,"minecraft:iron_chestplate":1,"minecraft:torch":3,"minecraft:lava_bucket":1,"minecraft:bookshelf":2,"minecraft:iron_axe":7,"minecraft:iron_helmet":1,"minecraft:iron_boots":1,"minecraft:bow":2,"minecraft:minecart":1,"minecraft:cobbled_deepslate":19,"minecraft:iron_leggings":1,"minecraft:water_bucket":28,"minecraft:diamond_boots":1,"minecraft:diamond_axe":24,"minecraft:sugar_cane":14,"minecraft:crafting_table":8,"minecraft:white_bed":3,"minecraft:diamond_pickaxe":194,"minecraft:bread":47,"minecraft:iron_pickaxe":353,"minecraft:lectern":1,"minecraft:stone_axe":21,"minecraft:diamond_sword":91,"minecraft:cobblestone":22,"minecraft:bucket":31},"minecraft:picked_up":{"minecraft:crafting_table":9,"minecraft:iron_chestplate":1,"minecraft:wheat":2,"minecraft:diamond_sword":1,"minecraft:string":11,"minecraft:raw_copper":7,"minecraft:iron_axe":2,"minecraft:flint_and_steel":1,"minecraft:cobbled_deepslate":95,"minecraft:iron_pickaxe":1,"minecraft:minecart":1,"minecraft:sugar_cane":81,"minecraft:golden_helmet":1,"minecraft:raw_iron":65,"minecraft:stick":14,"minecraft:stone":126,"minecraft:oak_fence":1,"minecraft:acacia_log":7,"minecraft:torch":6,"minecraft:pointed_dripstone":7,"minecraft:diorite":4,"minecraft:redstone":63,"minecraft:arrow":21,"minecraft:rotten_flesh":4,"minecraft:hay_block":6,"minecraft:bookshelf":2,"minecraft:mutton":15,"minecraft:obsidian":16,"minecraft:white_wool":16,"minecraft:rail":2,"minecraft:cobblestone":35,"minecraft:wet_sponge":8,"minecraft:andesite":2,"minecraft:leather":4,"minecraft:potato":3,"minecraft:oak_log":8,"minecraft:gunpowder":4,"minecraft:lapis_lazuli":67,"minecraft:dirt":13,"minecraft:bone":16,"minecraft:iron_ingot":1,"minecraft:oak_fence_gate":1,"minecraft:iron_sword":3,"minecraft:dripstone_block":8,"minecraft:white_bed":4,"minecraft:spider_eye":2,"minecraft:diamond":72,"minecraft:stone_axe":3,"minecraft:iron_helmet":2,"minecraft:granite":1,"minecraft:bread":17,"minecraft:black_wool":2,"minecraft:coal":58},"minecraft:custom":{"minecraft:mob_kills":61,"minecraft:interact_with_crafting_table":32,"minecraft:bell_ring":12,"minecraft:leave_game":4,"minecraft:time_since_death":139632,"minecraft:climb_one_cm":1810,"minecraft:sprint_one_cm":599152,"minecraft:walk_one_cm":210633,"minecraft:damage_blocked_by_shield":345,"minecraft:drop":64,"minecraft:talked_to_villager":9,"minecraft:play_time":145300,"minecraft:deaths":1,"minecraft:sneak_time":1097,"minecraft:walk_under_water_one_cm":11503,"minecraft:jump":2433,"minecraft:walk_on_water_one_cm":30244,"minecraft:total_world_time":145300,"minecraft:interact_with_furnace":1,"minecraft:traded_with_villager":4,"minecraft:time_since_rest":139689,"minecraft:damage_taken":1415,"minecraft:damage_dealt":8517,"minecraft:swim_one_cm":31354,"minecraft:fly_one_cm":539614,"minecraft:open_chest":51,"minecraft:crouch_one_cm":1652,"minecraft:fall_one_cm":61545,"minecraft:horse_one_cm":21062},"minecraft:dropped":{"minecraft:iron_ingot":6,"minecraft:iron_sword":4,"minecraft:crafting_table":1,"minecraft:dripstone_block":8,"minecraft:iron_helmet":3,"minecraft:oak_fence":1,"minecraft:rail":2,"minecraft:stick":14,"minecraft:emerald":13,"minecraft:torch":7,"minecraft:mutton":15,"minecraft:iron_leggings":1,"minecraft:iron_axe":3,"minecraft:iron_pickaxe":2,"minecraft:paper":132,"minecraft:white_wool":16,"minecraft:stone_axe":3,"minecraft:cobbled_deepslate":23,"minecraft:wheat":4,"minecraft:iron_boots":1,"minecraft:cooked_mutton":7,"minecraft:white_bed":1,"minecraft:carrot":12,"minecraft:flint_and_steel":2,"minecraft:diamond_sword":1,"minecraft:oak_fence_gate":1,"minecraft:stone":127,"minecraft:iron_chestplate":2,"minecraft:spider_eye":2,"minecraft:black_wool":2},"minecraft:killed":{"minecraft:cave_spider":2,"minecraft:spider":2,"minecraft:horse":1,"minecraft:skeleton":17,"minecraft:chicken":4,"minecraft:pig":5,"minecraft:creeper":1,"minecraft:sheep":14,"minecraft:trader_llama":1,"minecraft:zombie":9,"minecraft:cow":3},"minecraft:crafted":{"minecraft:cherry_planks":60,"minecraft:oak_planks":20,"minecraft:cherry_slab":6,"minecraft:bookshelf":1,"minecraft:iron_boots":1,"minecraft:diamond_helmet":1,"minecraft:bow":1,"minecraft:diamond_leggings":1,"minecraft:iron_axe":1,"minecraft:diamond_boots":1,"minecraft:wheat":54,"minecraft:diamond_sword":1,"minecraft:emerald":4,"minecraft:diamond_axe":1,"minecraft:crafting_table":1,"minecraft:iron_helmet":1,"minecraft:iron_sword":1,"minecraft:bucket":1,"minecraft:stone_axe":1,"minecraft:bread":62,"minecraft:air":0,"minecraft:lectern":1,"minecraft:book":3,"minecraft:iron_chestplate":1,"minecraft:paper":141,"minecraft:diamond_pickaxe":1,"minecraft:shield":1,"minecraft:stick":176,"minecraft:iron_ingot":9,"minecraft:iron_pickaxe":2,"minecraft:iron_block":61,"minecraft:iron_shovel":1,"minecraft:iron_leggings":1,"minecraft:acacia_planks":28,"minecraft:torch":4,"minecraft:diamond_chestplate":1}},"DataVersion":3700}