{"stats":{"minecraft:dropped":{"minecraft:glow_ink_sac":3,"minecraft:iron_helmet":1,"minecraft:cobblestone":4,"minecraft:granite":3,"minecraft:activator_rail":2,"minecraft:dirt":7,"minecraft:wooden_axe":3,"minecraft:sunflower":4,"minecraft:white_wool":2,"minecraft:redstone":10,"minecraft:gravel":4,"minecraft:stone_axe":1,"minecraft:tuff":22,"minecraft:rotten_flesh":10,"minecraft:light_gray_wool":1,"minecraft:potato":1,"minecraft:gunpowder":8,"minecraft:andesite":13,"minecraft:glass":42,"minecraft:stone_pickaxe":1},"minecraft:crafted":{"minecraft:oak_planks":108,"minecraft:furnace":5,"minecraft:stone":42,"minecraft:cooked_mutton":21,"minecraft:deepslate_brick_stairs":12,"minecraft:glass":55,"minecraft:iron_boots":2,"minecraft:polished_deepslate":124,"minecraft:iron_axe":1,"minecraft:stone_pickaxe":2,"minecraft:chest":5,"minecraft:wheat":54,"minecraft:cooked_beef":25,"minecraft:cooked_porkchop":8,"minecraft:crafting_table":3,"minecraft:wooden_pickaxe":2,"minecraft:iron_helmet":3,"minecraft:deepslate_brick_slab":6,"minecraft:iron_sword":2,"minecraft:bucket":1,"minecraft:birch_planks":48,"minecraft:stone_axe":2,"minecraft:bread":18,"minecraft:air":0,"minecraft:iron_chestplate":2,"minecraft:shield":2,"minecraft:stick":12,"minecraft:iron_ingot":166,"minecraft:iron_pickaxe":4,"minecraft:wooden_axe":1,"minecraft:stone_sword":1,"minecraft:iron_leggings":2,"minecraft:white_bed":1,"minecraft:deepslate_bricks":72,"minecraft:torch":4},"minecraft:picked_up":{"minecraft:wooden_axe":2,"minecraft:crafting_table":13,"minecraft:brewing_stand":1,"minecraft:string":20,"minecraft:raw_copper":15,"minecraft:cobbled_deepslate":178,"minecraft:beef":25,"minecraft:poppy":2,"minecraft:light_gray_wool":2,"minecraft:sugar_cane":90,"minecraft:furnace":3,"minecraft:raw_iron":182,"minecraft:stick":53,"minecraft:torch":4,"minecraft:porkchop":8,"minecraft:cherry_log":18,"minecraft:redstone":10,"minecraft:orange_bed":1,"minecraft:rotten_flesh":18,"minecraft:cactus":2,"minecraft:deepslate_bricks":86,"minecraft:hay_block":32,"minecraft:deepslate_brick_stairs":4,"minecraft:mutton":30,"minecraft:white_wool":15,"minecraft:rail":4,"minecraft:cobblestone":110,"minecraft:birch_log":18,"minecraft:pink_petals":4,"minecraft:cooked_beef":3,"minecraft:glow_ink_sac":3,"minecraft:salmon":1,"minecraft:andesite":32,"minecraft:leather":8,"minecraft:potato":1,"minecraft:tuff":22,"minecraft:oak_log":47,"minecraft:lapis_lazuli":66,"minecraft:dirt":26,"minecraft:bone":3,"minecraft:wheat_seeds":1,"minecraft:deepslate_brick_slab":6,"minecraft:raw_gold":7,"minecraft:bell":1,"minecraft:iron_ingot":6,"minecraft:oak_planks":25,"minecraft:book":9,"minecraft:lava_bucket":4,"minecraft:gravel":4,"minecraft:sand":3,"minecraft:white_bed":1,"minecraft:spider_eye":1,"minecraft:diamond":39,"minecraft:granite":3,"minecraft:cherry_sapling":2,"minecraft:bread":3,"minecraft:oak_sapling":2,"minecraft:black_wool":2,"minecraft:melon_seeds":1,"minecraft:coal":125,"minecraft:sunflower":4},"minecraft:mined":{"minecraft:tuff":22,"minecraft:white_bed":1,"minecraft:deepslate_diamond_ore":33,"minecraft:cherry_log":19,"minecraft:brewing_stand":1,"minecraft:granite":3,"minecraft:grass_block":6,"minecraft:deepslate_bricks":86,"minecraft:spawner":1,"minecraft:deepslate_brick_slab":4,"minecraft:hay_block":32,"minecraft:furnace":3,"minecraft:iron_ore":121,"minecraft:andesite":21,"minecraft:deepslate_lapis_ore":4,"minecraft:bell":1,"minecraft:deepslate_iron_ore":67,"minecraft:deepslate_brick_stairs":4,"minecraft:stone":113,"minecraft:orange_bed":1,"minecraft:crafting_table":13,"minecraft:short_grass":11,"minecraft:dead_bush":1,"minecraft:glass":7,"minecraft:copper_ore":4,"minecraft:tall_grass":2,"minecraft:cobblestone":8,"minecraft:lapis_ore":6,"minecraft:deepslate_gold_ore":7,"minecraft:oak_planks":1,"minecraft:sugar_cane":40,"minecraft:wall_torch":3,"minecraft:pink_petals":1,"minecraft:cactus":1,"minecraft:birch_log":18,"minecraft:birch_leaves":1,"minecraft:oak_log":48,"minecraft:coal_ore":126,"minecraft:cherry_leaves":14,"minecraft:sand":2,"minecraft:sunflower":4,"minecraft:gravel":4,"minecraft:dirt":18,"minecraft:cobweb":18,"minecraft:oak_leaves":5,"minecraft:deepslate":175},"minecraft:killed_by":{"minecraft:cave_spider":1},"minecraft:used":{"minecraft:stone_sword":26,"minecraft:chest":5,"minecraft:shield":4,"minecraft:stone":42,"minecraft:iron_sword":92,"minecraft:torch":7,"minecraft:dirt":17,"minecraft:mutton":5,"minecraft:deepslate_brick_slab":6,"minecraft:glass":13,"minecraft:wooden_axe":13,"minecraft:iron_axe":61,"minecraft:light_gray_wool":1,"minecraft:furnace":6,"minecraft:cooked_beef":16,"minecraft:cobbled_deepslate":45,"minecraft:cooked_mutton":5,"minecraft:water_bucket":4,"minecraft:stone_pickaxe":211,"minecraft:oak_planks":48,"minecraft:cactus":2,"minecraft:wooden_pickaxe":55,"minecraft:deepslate_bricks":107,"minecraft:salmon":1,"minecraft:sand":2,"minecraft:crafting_table":15,"minecraft:white_bed":2,"minecraft:deepslate_brick_stairs":4,"minecraft:bread":20,"minecraft:iron_pickaxe":587,"minecraft:stone_axe":105,"minecraft:cobblestone":12,"minecraft:bucket":5,"minecraft:andesite":18},"minecraft:killed":{"minecraft:cave_spider":6,"minecraft:skeleton":1,"minecraft:pig":3,"minecraft:iron_golem":2,"minecraft:sheep":21,"minecraft:zombie":15,"minecraft:villager":1,"minecraft:cow":9},"minecraft:custom":{"minecraft:mob_kills":58,"minecraft:interact_with_crafting_table":57,"minecraft:leave_game":1,"minecraft:time_since_death":101775,"minecraft:sprint_one_cm":563666,"minecraft:walk_one_cm":339244,"minecraft:damage_blocked_by_shield":314,"minecraft:drop":29,"minecraft:play_time":163163,"minecraft:deaths":1,"minecraft:sneak_time":2635,"minecraft:walk_under_water_one_cm":2603,"minecraft:jump":2113,"minecraft:walk_on_water_one_cm":17150,"minecraft:total_world_time":163163,"minecraft:interact_with_furnace":119,"minecraft:time_since_rest":101845,"minecraft:damage_taken":2311,"minecraft:damage_dealt":9817,"minecraft:player_kills":3,"minecraft:swim_one_cm":55036,"minecraft:fly_one_cm":343064,"minecraft:open_chest":26,"minecraft:crouch_one_cm":6127,"minecraft:fall_one_cm":50052},"minecraft:broken":{"minecraft:wooden_pickaxe":1,"minecraft:iron_pickaxe":2}},"DataVersion":3839}