{"stats":{"minecraft:crafted":{"minecraft:wooden_sword":1,"minecraft:oak_door":6,"minecraft:oak_planks":412,"minecraft:cooked_chicken":3,"minecraft:furnace":4,"minecraft:cooked_mutton":12,"minecraft:diamond_helmet":1,"minecraft:diamond_leggings":1,"minecraft:iron_boots":2,"minecraft:iron_axe":1,"minecraft:stone_pickaxe":3,"minecraft:chest":3,"minecraft:diamond_boots":1,"minecraft:wheat":81,"minecraft:cooked_beef":6,"minecraft:diamond_sword":1,"minecraft:cooked_porkchop":6,"minecraft:crafting_table":4,"minecraft:enchanting_table":1,"minecraft:wooden_pickaxe":2,"minecraft:iron_helmet":2,"minecraft:cooked_salmon":5,"minecraft:bucket":6,"minecraft:stone_axe":3,"minecraft:bread":27,"minecraft:air":0,"minecraft:oak_boat":2,"minecraft:golden_apple":2,"minecraft:book":1,"minecraft:paper":45,"minecraft:iron_chestplate":2,"minecraft:diamond_pickaxe":1,"minecraft:shield":3,"minecraft:stick":20,"minecraft:iron_ingot":87,"minecraft:iron_pickaxe":2,"minecraft:wooden_axe":1,"minecraft:stone_sword":2,"minecraft:gold_ingot":34,"minecraft:iron_leggings":2,"minecraft:white_bed":2,"minecraft:acacia_planks":8,"minecraft:diamond_chestplate":1},"minecraft:picked_up":{"minecraft:crafting_table":20,"minecraft:chicken":3,"minecraft:gold_block":1,"minecraft:potion":1,"minecraft:string":2,"minecraft:wooden_sword":2,"minecraft:cobbled_deepslate":145,"minecraft:beef":20,"minecraft:oak_boat":5,"minecraft:light_gray_wool":1,"minecraft:melon_slice":29,"minecraft:sugar_cane":66,"minecraft:egg":2,"minecraft:furnace":8,"minecraft:raw_iron":123,"minecraft:stick":60,"minecraft:oak_door":33,"minecraft:acacia_log":2,"minecraft:porkchop":8,"minecraft:pointed_dripstone":1,"minecraft:arrow":8,"minecraft:rotten_flesh":14,"minecraft:peony":2,"minecraft:hay_block":9,"minecraft:yellow_terracotta":3,"minecraft:obsidian":13,"minecraft:mutton":19,"minecraft:cobblestone":203,"minecraft:white_wool":8,"minecraft:pink_petals":3,"minecraft:magma_block":1,"minecraft:feather":4,"minecraft:salmon":12,"minecraft:andesite":1,"minecraft:leather":10,"minecraft:flint":1,"minecraft:tuff":5,"minecraft:oak_log":104,"minecraft:gunpowder":4,"minecraft:lapis_lazuli":142,"minecraft:dirt":8,"minecraft:orange_terracotta":2,"minecraft:bone":8,"minecraft:apple":2,"minecraft:kelp":1,"minecraft:wheat_seeds":3,"minecraft:raw_gold":36,"minecraft:stone_pickaxe":2,"minecraft:oak_planks":5,"minecraft:gravel":1,"minecraft:sand":7,"minecraft:white_bed":1,"minecraft:red_terracotta":4,"minecraft:spider_eye":3,"minecraft:light_gray_terracotta":1,"minecraft:sugar":2,"minecraft:diamond":46,"minecraft:stone_axe":2,"minecraft:cherry_sapling":9,"minecraft:gray_wool":1,"minecraft:terracotta":6,"minecraft:oak_sapling":19,"minecraft:coal":76,"minecraft:sunflower":2},"minecraft:dropped":{"minecraft:iron_ingot":8,"minecraft:wheat_seeds":2,"minecraft:cooked_beef":5,"minecraft:diamond":6,"minecraft:crafting_table":1,"minecraft:iron_helmet":1,"minecraft:yellow_terracotta":3,"minecraft:stick":16,"minecraft:lava_bucket":4,"minecraft:dirt":1,"minecraft:gray_wool":1,"minecraft:wooden_axe":1,"minecraft:iron_leggings":1,"minecraft:wooden_sword":3,"minecraft:sunflower":2,"minecraft:sand":1,"minecraft:sugar":2,"minecraft:iron_pickaxe":1,"minecraft:pink_petals":3,"minecraft:white_wool":1,"minecraft:acacia_planks":6,"minecraft:stone_axe":3,"minecraft:kelp":1,"minecraft:sugar_cane":2,"minecraft:stone_sword":1,"minecraft:raw_iron":28,"minecraft:pointed_dripstone":1,"minecraft:rotten_flesh":9,"minecraft:light_gray_wool":1,"minecraft:oak_planks":23,"minecraft:iron_boots":1,"minecraft:salmon":1,"minecraft:red_terracotta":4,"minecraft:peony":2,"minecraft:iron_chestplate":1,"minecraft:oak_sapling":1,"minecraft:oak_boat":1,"minecraft:spider_eye":3,"minecraft:arrow":1,"minecraft:wooden_pickaxe":2,"minecraft:stone_pickaxe":4,"minecraft:beef":6},"minecraft:mined":{"minecraft:yellow_terracotta":3,"minecraft:tuff":5,"minecraft:white_bed":1,"minecraft:deepslate_diamond_ore":47,"minecraft:oak_door":32,"minecraft:obsidian":14,"minecraft:acacia_log":2,"minecraft:grass_block":4,"minecraft:kelp":1,"minecraft:spawner":1,"minecraft:tall_seagrass":1,"minecraft:magma_block":3,"minecraft:furnace":8,"minecraft:iron_ore":60,"minecraft:cobbled_deepslate":9,"minecraft:deepslate_lapis_ore":18,"minecraft:peony":2,"minecraft:gold_block":1,"minecraft:pointed_dripstone":1,"minecraft:deepslate_iron_ore":56,"minecraft:stone":200,"minecraft:orange_terracotta":2,"minecraft:crafting_table":20,"minecraft:light_gray_terracotta":1,"minecraft:short_grass":18,"minecraft:melon":5,"minecraft:dead_bush":37,"minecraft:tall_grass":3,"minecraft:cobblestone":7,"minecraft:deepslate_gold_ore":37,"minecraft:lapis_ore":4,"minecraft:sugar_cane":31,"minecraft:oak_planks":5,"minecraft:pink_petals":1,"minecraft:seagrass":1,"minecraft:red_terracotta":4,"minecraft:coal_ore":46,"minecraft:oak_log":104,"minecraft:gravel":3,"minecraft:sand":6,"minecraft:sunflower":3,"minecraft:dirt":4,"minecraft:terracotta":6,"minecraft:oak_leaves":16,"minecraft:deepslate":132,"minecraft:fern":1,"minecraft:suspicious_gravel":2},"minecraft:killed_by":{"minecraft:player":1},"minecraft:used":{"minecraft:cherry_sapling":9,"minecraft:enchanting_table":1,"minecraft:stone_sword":84,"minecraft:chest":3,"minecraft:shield":35,"minecraft:cooked_salmon":5,"minecraft:cooked_chicken":2,"minecraft:iron_chestplate":1,"minecraft:oak_door":35,"minecraft:dirt":7,"minecraft:mutton":1,"minecraft:tuff":3,"minecraft:wooden_axe":28,"minecraft:iron_axe":1,"minecraft:iron_helmet":1,"minecraft:iron_boots":1,"minecraft:oak_sapling":18,"minecraft:furnace":11,"minecraft:egg":1,"minecraft:cobbled_deepslate":85,"minecraft:cooked_beef":1,"minecraft:acacia_planks":2,"minecraft:orange_terracotta":2,"minecraft:iron_leggings":1,"minecraft:cooked_mutton":7,"minecraft:water_bucket":14,"minecraft:stone_pickaxe":242,"minecraft:oak_planks":34,"minecraft:wooden_pickaxe":63,"minecraft:sugar_cane":1,"minecraft:salmon":1,"minecraft:sand":6,"minecraft:terracotta":6,"minecraft:crafting_table":22,"minecraft:light_gray_terracotta":1,"minecraft:white_bed":2,"minecraft:oak_log":1,"minecraft:diamond_pickaxe":243,"minecraft:melon_slice":26,"minecraft:bread":27,"minecraft:iron_pickaxe":119,"minecraft:gravel":1,"minecraft:stone_axe":146,"minecraft:diamond_sword":75,"minecraft:wooden_sword":40,"minecraft:cobblestone":119,"minecraft:potion":1,"minecraft:cooked_porkchop":1,"minecraft:bucket":20,"minecraft:andesite":1,"minecraft:oak_boat":5},"minecraft:killed":{"minecraft:witch":1,"minecraft:spider":3,"minecraft:skeleton":13,"minecraft:chicken":3,"minecraft:drowned":1,"minecraft:pig":4,"minecraft:zombie_villager":1,"minecraft:salmon":15,"minecraft:creeper":3,"minecraft:sheep":11,"minecraft:zombie":17,"minecraft:cow":11},"minecraft:custom":{"minecraft:mob_kills":86,"minecraft:interact_with_crafting_table":68,"minecraft:leave_game":2,"minecraft:time_since_death":114011,"minecraft:climb_one_cm":208,"minecraft:sprint_one_cm":362132,"minecraft:walk_one_cm":367665,"minecraft:damage_blocked_by_shield":2184,"minecraft:drop":79,"minecraft:play_time":173211,"minecraft:deaths":3,"minecraft:sneak_time":16943,"minecraft:walk_under_water_one_cm":69335,"minecraft:boat_one_cm":122004,"minecraft:jump":3606,"minecraft:walk_on_water_one_cm":68262,"minecraft:total_world_time":173211,"minecraft:interact_with_furnace":76,"minecraft:time_since_rest":114065,"minecraft:damage_taken":2812,"minecraft:damage_dealt":11783,"minecraft:swim_one_cm":453715,"minecraft:fly_one_cm":656133,"minecraft:open_chest":20,"minecraft:crouch_one_cm":36137,"minecraft:fall_one_cm":78784}},"DataVersion":3839}