{"stats":{"minecraft:mined":{"minecraft:oak_log":6},"minecraft:used":{"minecraft:wooden_axe":4,"minecraft:crafting_table":1},"minecraft:picked_up":{"minecraft:wooden_axe":1,"minecraft:stick":2,"minecraft:oak_log":6,"minecraft:oak_planks":18},"minecraft:custom":{"minecraft:time_since_rest":733,"minecraft:deaths":1,"minecraft:crouch_one_cm":733,"minecraft:sprint_one_cm":11418,"minecraft:play_time":6701,"minecraft:damage_taken":80,"minecraft:walk_one_cm":15692,"minecraft:sneak_time":172,"minecraft:jump":128,"minecraft:damage_dealt":442,"minecraft:leave_game":2,"minecraft:time_since_death":692,"minecraft:total_world_time":6701,"minecraft:interact_with_crafting_table":1,"minecraft:fall_one_cm":4596,"minecraft:fly_one_cm":14846,"minecraft:player_kills":1},"minecraft:killed_by":{"minecraft:player":1},"minecraft:crafted":{"minecraft:oak_planks":24,"minecraft:crafting_table":1,"minecraft:stick":8,"minecraft:wooden_axe":1}},"DataVersion":3700}