{"stats":{"minecraft:crafted":{"minecraft:oak_planks":28,"minecraft:crafting_table":2,"minecraft:stick":16,"minecraft:wooden_pickaxe":1,"minecraft:wooden_axe":1},"minecraft:custom":{"minecraft:time_since_rest":2311,"minecraft:crouch_one_cm":1003,"minecraft:damage_taken":80,"minecraft:sprint_one_cm":11999,"minecraft:play_time":8279,"minecraft:deaths":1,"minecraft:walk_one_cm":20834,"minecraft:sneak_time":246,"minecraft:jump":145,"minecraft:damage_dealt":442,"minecraft:leave_game":3,"minecraft:time_since_death":2270,"minecraft:total_world_time":8279,"minecraft:interact_with_crafting_table":2,"minecraft:fall_one_cm":4596,"minecraft:fly_one_cm":15262,"minecraft:player_kills":1},"minecraft:killed_by":{"minecraft:player":1},"minecraft:mined":{"minecraft:oak_log":7},"minecraft:used":{"minecraft:wooden_axe":4,"minecraft:crafting_table":2},"minecraft:picked_up":{"minecraft:wooden_axe":1,"minecraft:stick":2,"minecraft:oak_log":7,"minecraft:oak_sapling":1,"minecraft:oak_planks":31}},"DataVersion":3700}