{"stats":{"minecraft:mined":{"minecraft:stone_pressure_plate":1,"minecraft:deepslate_diamond_ore":27,"minecraft:oak_door":6,"minecraft:dark_oak_fence":8,"minecraft:grass_block":3,"minecraft:cartography_table":1,"minecraft:sandstone":1,"minecraft:hay_block":30,"minecraft:furnace":8,"minecraft:iron_ore":21,"minecraft:cobbled_deepslate":13,"minecraft:fire":2,"minecraft:deepslate_lapis_ore":4,"minecraft:deepslate_iron_ore":21,"minecraft:stone":80,"minecraft:deepslate_redstone_ore":1,"minecraft:cut_sandstone":3,"minecraft:lily_of_the_valley":1,"minecraft:crafting_table":8,"minecraft:short_grass":53,"minecraft:dead_bush":1,"minecraft:tall_grass":9,"minecraft:cobblestone":15,"minecraft:deepslate_gold_ore":5,"minecraft:oak_planks":8,"minecraft:sugar_cane":27,"minecraft:wall_torch":1,"minecraft:wheat":1,"minecraft:tnt":9,"minecraft:oak_log":43,"minecraft:coal_ore":49,"minecraft:gravel":4,"minecraft:sand":1,"minecraft:dirt":2,"minecraft:oak_leaves":9,"minecraft:deepslate":60},"minecraft:used":{"minecraft:stone_sword":131,"minecraft:flint_and_steel":2,"minecraft:chest":1,"minecraft:shield":11,"minecraft:iron_sword":304,"minecraft:cooked_chicken":3,"minecraft:iron_chestplate":1,"minecraft:oak_door":7,"minecraft:torch":138,"minecraft:dirt":4,"minecraft:granite":1,"minecraft:lava_bucket":1,"minecraft:iron_axe":100,"minecraft:furnace":11,"minecraft:oak_sapling":1,"minecraft:cooked_beef":16,"minecraft:cobbled_deepslate":62,"minecraft:cooked_mutton":2,"minecraft:water_bucket":63,"minecraft:stone_pickaxe":108,"minecraft:oak_planks":94,"minecraft:wooden_pickaxe":8,"minecraft:sand":1,"minecraft:crafting_table":9,"minecraft:crossbow":1,"minecraft:white_bed":1,"minecraft:diamond_pickaxe":7,"minecraft:iron_pickaxe":187,"minecraft:gravel":2,"minecraft:stone_axe":95,"minecraft:cobblestone":67,"minecraft:cooked_porkchop":35,"minecraft:dark_oak_fence":4,"minecraft:bucket":65,"minecraft:dandelion":2},"minecraft:crafted":{"minecraft:oak_door":3,"minecraft:oak_planks":172,"minecraft:cooked_chicken":3,"minecraft:furnace":3,"minecraft:cooked_mutton":7,"minecraft:flint_and_steel":1,"minecraft:diamond_helmet":1,"minecraft:diamond_leggings":1,"minecraft:iron_boots":1,"minecraft:iron_axe":1,"minecraft:stone_pickaxe":1,"minecraft:chest":1,"minecraft:diamond_boots":1,"minecraft:cooked_beef":24,"minecraft:cooked_porkchop":38,"minecraft:crafting_table":1,"minecraft:wooden_pickaxe":1,"minecraft:iron_helmet":1,"minecraft:iron_sword":3,"minecraft:bucket":1,"minecraft:stone_axe":1,"minecraft:air":0,"minecraft:iron_chestplate":1,"minecraft:diamond_pickaxe":1,"minecraft:shield":1,"minecraft:stick":84,"minecraft:iron_ingot":29,"minecraft:iron_pickaxe":1,"minecraft:stone_sword":1,"minecraft:white_bed":1,"minecraft:torch":136,"minecraft:diamond_chestplate":1},"minecraft:picked_up":{"minecraft:crafting_table":8,"minecraft:chicken":3,"minecraft:string":8,"minecraft:raw_copper":1,"minecraft:cartography_table":1,"minecraft:cobbled_deepslate":62,"minecraft:beef":24,"minecraft:poppy":3,"minecraft:sugar_cane":45,"minecraft:egg":1,"minecraft:furnace":8,"minecraft:raw_iron":56,"minecraft:stick":2,"minecraft:sandstone":1,"minecraft:oak_door":6,"minecraft:torch":2,"minecraft:porkchop":38,"minecraft:redstone":2,"minecraft:iron_horse_armor":1,"minecraft:stone_pressure_plate":2,"minecraft:tnt":9,"minecraft:arrow":5,"minecraft:rotten_flesh":12,"minecraft:hay_block":30,"minecraft:saddle":3,"minecraft:mutton":7,"minecraft:white_wool":4,"minecraft:cobblestone":100,"minecraft:feather":2,"minecraft:leather":16,"minecraft:cut_sandstone":3,"minecraft:flint":2,"minecraft:oak_log":43,"minecraft:gunpowder":2,"minecraft:lapis_lazuli":26,"minecraft:dirt":4,"minecraft:white_banner":11,"minecraft:bone":3,"minecraft:wheat_seeds":12,"minecraft:raw_gold":4,"minecraft:iron_ingot":21,"minecraft:oak_planks":25,"minecraft:cooked_porkchop":4,"minecraft:dandelion":2,"minecraft:gravel":2,"minecraft:sand":1,"minecraft:spider_eye":2,"minecraft:diamond":27,"minecraft:granite":1,"minecraft:crossbow":10,"minecraft:emerald":1,"minecraft:oak_sapling":1,"minecraft:coal":67,"minecraft:dark_oak_fence":6},"minecraft:broken":{"minecraft:stone_sword":1,"minecraft:stone_axe":1},"minecraft:custom":{"minecraft:interact_with_smithing_table":1,"minecraft:mob_kills":172,"minecraft:interact_with_crafting_table":25,"minecraft:bell_ring":1,"minecraft:leave_game":10,"minecraft:time_since_death":179979,"minecraft:climb_one_cm":883,"minecraft:sprint_one_cm":584159,"minecraft:walk_one_cm":359017,"minecraft:damage_blocked_by_shield":398,"minecraft:drop":13,"minecraft:talked_to_villager":1,"minecraft:raid_win":3,"minecraft:play_time":179979,"minecraft:sneak_time":12536,"minecraft:walk_under_water_one_cm":38000,"minecraft:jump":6491,"minecraft:walk_on_water_one_cm":34595,"minecraft:total_world_time":179979,"minecraft:interact_with_furnace":49,"minecraft:interact_with_cartography_table":2,"minecraft:raid_trigger":4,"minecraft:sleep_in_bed":4,"minecraft:time_since_rest":32284,"minecraft:damage_taken":2685,"minecraft:damage_dealt":32562,"minecraft:swim_one_cm":91658,"minecraft:fly_one_cm":1561214,"minecraft:open_chest":26,"minecraft:crouch_one_cm":25604,"minecraft:fall_one_cm":157429,"minecraft:horse_one_cm":299882},"minecraft:killed":{"minecraft:vindicator":6,"minecraft:spider":7,"minecraft:horse":1,"minecraft:skeleton":6,"minecraft:chicken":3,"minecraft:pig":21,"minecraft:zombie_villager":2,"minecraft:ravager":2,"minecraft:creeper":1,"minecraft:sheep":6,"minecraft:pillager":79,"minecraft:zombie":18,"minecraft:cow":15},"minecraft:dropped":{"minecraft:wheat_seeds":7,"minecraft:iron_helmet":1,"minecraft:cut_sandstone":3,"minecraft:white_wool":1,"minecraft:rotten_flesh":12,"minecraft:iron_chestplate":1,"minecraft:wooden_pickaxe":1}},"DataVersion":3700}