{"stats":{"minecraft:crafted":{"minecraft:oak_door":3,"minecraft:oak_planks":564,"minecraft:stone_shovel":1,"minecraft:cooked_chicken":3,"minecraft:furnace":3,"minecraft:stone_button":1,"minecraft:stone":16,"minecraft:diamond_shovel":1,"minecraft:cooked_mutton":7,"minecraft:flint_and_steel":1,"minecraft:oak_trapdoor":40,"minecraft:warped_planks":64,"minecraft:warped_fence":9,"minecraft:glass":27,"minecraft:hopper":4,"minecraft:detector_rail":6,"minecraft:diamond_helmet":1,"minecraft:diamond_leggings":1,"minecraft:iron_boots":1,"minecraft:iron_axe":2,"minecraft:ladder":42,"minecraft:iron_hoe":1,"minecraft:stone_pickaxe":1,"minecraft:stone_pressure_plate":1,"minecraft:chest":17,"minecraft:diamond_boots":1,"minecraft:birch_door":3,"minecraft:rail":48,"minecraft:stone_hoe":1,"minecraft:golden_boots":1,"minecraft:minecart":1,"minecraft:wheat":369,"minecraft:cooked_beef":24,"minecraft:item_frame":4,"minecraft:crossbow":8,"minecraft:cooked_porkchop":38,"minecraft:crafting_table":4,"minecraft:wooden_pickaxe":1,"minecraft:powered_rail":12,"minecraft:iron_helmet":1,"minecraft:activator_rail":6,"minecraft:iron_sword":5,"minecraft:bucket":1,"minecraft:birch_planks":156,"minecraft:stone_axe":1,"minecraft:bread":123,"minecraft:air":0,"minecraft:oak_boat":4,"minecraft:iron_chestplate":1,"minecraft:golden_apple":1,"minecraft:diamond_pickaxe":1,"minecraft:shield":1,"minecraft:warped_fence_gate":12,"minecraft:stick":348,"minecraft:iron_ingot":131,"minecraft:iron_pickaxe":5,"minecraft:stone_sword":1,"minecraft:iron_shovel":3,"minecraft:gold_ingot":20,"minecraft:white_bed":1,"minecraft:redstone_torch":9,"minecraft:torch":288,"minecraft:diamond_chestplate":1},"minecraft:custom":{"minecraft:interact_with_smithing_table":1,"minecraft:mob_kills":218,"minecraft:inspect_hopper":3,"minecraft:interact_with_crafting_table":69,"minecraft:bell_ring":1,"minecraft:leave_game":18,"minecraft:time_since_death":437415,"minecraft:climb_one_cm":9683,"minecraft:sprint_one_cm":1023626,"minecraft:damage_blocked_by_shield":1373,"minecraft:walk_one_cm":1069377,"minecraft:drop":20,"minecraft:talked_to_villager":7,"minecraft:raid_win":3,"minecraft:play_time":437415,"minecraft:sneak_time":33533,"minecraft:walk_under_water_one_cm":55086,"minecraft:boat_one_cm":38525,"minecraft:jump":11107,"minecraft:walk_on_water_one_cm":69631,"minecraft:total_world_time":437415,"minecraft:interact_with_furnace":104,"minecraft:interact_with_cartography_table":2,"minecraft:raid_trigger":4,"minecraft:pot_flower":1,"minecraft:sleep_in_bed":4,"minecraft:time_since_rest":289720,"minecraft:damage_taken":3834,"minecraft:damage_dealt":41296,"minecraft:minecart_one_cm":2394,"minecraft:swim_one_cm":117420,"minecraft:fly_one_cm":2551739,"minecraft:open_chest":179,"minecraft:crouch_one_cm":93404,"minecraft:fall_one_cm":270424,"minecraft:horse_one_cm":849269},"minecraft:dropped":{"minecraft:wheat_seeds":7,"minecraft:iron_helmet":1,"minecraft:cut_sandstone":3,"minecraft:iron_axe":1,"minecraft:white_wool":1,"minecraft:furnace":1,"minecraft:sugar_cane":1,"minecraft:rotten_flesh":12,"minecraft:iron_chestplate":1,"minecraft:sandstone":4,"minecraft:wooden_pickaxe":1},"minecraft:broken":{"minecraft:iron_shovel":3,"minecraft:stone_sword":1,"minecraft:stone_axe":1,"minecraft:iron_pickaxe":3},"minecraft:mined":{"minecraft:nether_gold_ore":14,"minecraft:tuff":2,"minecraft:stone_pressure_plate":1,"minecraft:white_bed":1,"minecraft:deepslate_diamond_ore":49,"minecraft:oak_door":6,"minecraft:warped_fence_gate":1,"minecraft:potted_cactus":1,"minecraft:obsidian":22,"minecraft:dark_oak_fence":16,"minecraft:granite":1,"minecraft:stone_button":2,"minecraft:grass_block":219,"minecraft:cartography_table":4,"minecraft:hopper":7,"minecraft:sandstone":307,"minecraft:hay_block":42,"minecraft:redstone_ore":5,"minecraft:furnace":13,"minecraft:iron_ore":62,"minecraft:fire":6,"minecraft:cobbled_deepslate":22,"minecraft:andesite":1,"minecraft:detector_rail":1,"minecraft:deepslate_lapis_ore":9,"minecraft:deepslate_iron_ore":40,"minecraft:rail":418,"minecraft:warped_stem":16,"minecraft:stone":271,"minecraft:white_banner":13,"minecraft:redstone_wall_torch":1,"minecraft:green_bed":1,"minecraft:deepslate_redstone_ore":1,"minecraft:cut_sandstone":3,"minecraft:lily_of_the_valley":1,"minecraft:smooth_sandstone":1,"minecraft:torch":2,"minecraft:crafting_table":11,"minecraft:short_grass":85,"minecraft:chest":3,"minecraft:dead_bush":8,"minecraft:nether_quartz_ore":12,"minecraft:tall_grass":13,"minecraft:cobblestone":16,"minecraft:deepslate_gold_ore":10,"minecraft:lapis_ore":7,"minecraft:oak_planks":30,"minecraft:sugar_cane":112,"minecraft:diorite":6,"minecraft:wall_torch":1,"minecraft:birch_planks":1,"minecraft:cactus":5,"minecraft:powered_rail":76,"minecraft:wheat":24,"minecraft:birch_log":39,"minecraft:redstone_torch":70,"minecraft:activator_rail":11,"minecraft:birch_door":1,"minecraft:tnt":9,"minecraft:white_wall_banner":2,"minecraft:coal_ore":179,"minecraft:oak_log":141,"minecraft:gravel":4,"minecraft:dirt":163,"minecraft:sand":756,"minecraft:netherrack":367,"minecraft:deepslate":82,"minecraft:oak_leaves":37},"minecraft:picked_up":{"minecraft:crafting_table":11,"minecraft:birch_door":1,"minecraft:wheat":18,"minecraft:chicken":3,"minecraft:flower_pot":1,"minecraft:shield":1,"minecraft:string":10,"minecraft:raw_copper":1,"minecraft:activator_rail":11,"minecraft:cobbled_deepslate":104,"minecraft:cartography_table":4,"minecraft:gold_nugget":61,"minecraft:detector_rail":1,"minecraft:beef":24,"minecraft:oak_boat":7,"minecraft:redstone_torch":74,"minecraft:poppy":3,"minecraft:light_gray_wool":1,"minecraft:minecart":11,"minecraft:sugar_cane":205,"minecraft:chest":3,"minecraft:phantom_membrane":1,"minecraft:furnace":14,"minecraft:egg":2,"minecraft:stick":21,"minecraft:raw_iron":116,"minecraft:sandstone":308,"minecraft:oak_door":6,"minecraft:torch":8,"minecraft:green_bed":1,"minecraft:porkchop":44,"minecraft:stone_button":2,"minecraft:diorite":9,"minecraft:redstone":25,"minecraft:iron_horse_armor":1,"minecraft:stone_pressure_plate":2,"minecraft:tnt":9,"minecraft:arrow":13,"minecraft:cactus":12,"minecraft:rotten_flesh":21,"minecraft:hay_block":41,"minecraft:saddle":3,"minecraft:obsidian":22,"minecraft:mutton":14,"minecraft:rail":416,"minecraft:white_wool":8,"minecraft:cobblestone":298,"minecraft:birch_log":39,"minecraft:feather":2,"minecraft:glow_ink_sac":6,"minecraft:andesite":1,"minecraft:cut_sandstone":3,"minecraft:leather":16,"minecraft:birch_planks":1,"minecraft:flint":2,"minecraft:tuff":4,"minecraft:oak_log":141,"minecraft:gunpowder":4,"minecraft:lapis_lazuli":97,"minecraft:dirt":375,"minecraft:paper":2,"minecraft:white_banner":26,"minecraft:smooth_sandstone":1,"minecraft:bone":21,"minecraft:apple":6,"minecraft:bow":1,"minecraft:wheat_seeds":75,"minecraft:warped_stem":16,"minecraft:raw_gold":9,"minecraft:iron_ingot":21,"minecraft:powered_rail":82,"minecraft:oak_planks":47,"minecraft:cooked_porkchop":5,"minecraft:quartz":12,"minecraft:dandelion":2,"minecraft:gravel":5,"minecraft:sand":754,"minecraft:white_bed":1,"minecraft:warped_fence_gate":1,"minecraft:spider_eye":2,"minecraft:diamond":49,"minecraft:crossbow":10,"minecraft:granite":2,"minecraft:emerald":1,"minecraft:oak_sapling":31,"minecraft:netherrack":358,"minecraft:dark_oak_fence":14,"minecraft:coal":295,"minecraft:hopper":7},"minecraft:used":{"minecraft:oak_trapdoor":36,"minecraft:stone_sword":131,"minecraft:iron_shovel":758,"minecraft:flint_and_steel":3,"minecraft:stone_shovel":12,"minecraft:ladder":23,"minecraft:poppy":3,"minecraft:chest":14,"minecraft:shield":35,"minecraft:iron_sword":434,"minecraft:stone":1,"minecraft:cooked_chicken":3,"minecraft:netherrack":145,"minecraft:iron_chestplate":1,"minecraft:oak_door":7,"minecraft:torch":296,"minecraft:dirt":360,"minecraft:hopper":11,"minecraft:obsidian":10,"minecraft:tuff":4,"minecraft:granite":1,"minecraft:glass":20,"minecraft:birch_door":1,"minecraft:iron_hoe":45,"minecraft:lava_bucket":2,"minecraft:iron_axe":328,"minecraft:smooth_sandstone":1,"minecraft:item_frame":4,"minecraft:light_gray_wool":1,"minecraft:oak_sapling":30,"minecraft:furnace":15,"minecraft:minecart":12,"minecraft:egg":1,"minecraft:cooked_beef":16,"minecraft:cobbled_deepslate":102,"minecraft:wheat_seeds":64,"minecraft:cooked_mutton":2,"minecraft:water_bucket":98,"minecraft:diorite":3,"minecraft:birch_planks":57,"minecraft:stone_pickaxe":108,"minecraft:powered_rail":82,"minecraft:oak_planks":194,"minecraft:cartography_table":3,"minecraft:wooden_pickaxe":8,"minecraft:sandstone":172,"minecraft:sugar_cane":51,"minecraft:green_bed":1,"minecraft:sand":196,"minecraft:rail":423,"minecraft:crafting_table":14,"minecraft:white_bed":2,"minecraft:crossbow":7,"minecraft:redstone_torch":75,"minecraft:activator_rail":11,"minecraft:flower_pot":1,"minecraft:diamond_pickaxe":921,"minecraft:diamond_shovel":277,"minecraft:iron_pickaxe":1015,"minecraft:stone_button":2,"minecraft:bread":52,"minecraft:detector_rail":1,"minecraft:gravel":5,"minecraft:stone_axe":95,"minecraft:cobblestone":84,"minecraft:white_banner":26,"minecraft:cooked_porkchop":36,"minecraft:dark_oak_fence":12,"minecraft:warped_fence_gate":13,"minecraft:bucket":100,"minecraft:oak_boat":9,"minecraft:dandelion":2},"minecraft:killed":{"minecraft:spider":8,"minecraft:vindicator":6,"minecraft:phantom":2,"minecraft:skeleton":21,"minecraft:horse":1,"minecraft:chicken":3,"minecraft:piglin":1,"minecraft:pig":23,"minecraft:zombie_villager":2,"minecraft:ravager":2,"minecraft:creeper":2,"minecraft:sheep":11,"minecraft:pillager":83,"minecraft:zombie":30,"minecraft:enderman":1,"minecraft:cow":15}},"DataVersion":3700}