{"stats":{"minecraft:mined":{"minecraft:stone_pressure_plate":1,"minecraft:white_bed":1,"minecraft:warped_fence_gate":1,"minecraft:potted_cactus":1,"minecraft:obsidian":22,"minecraft:granite":1,"minecraft:grass_block":220,"minecraft:hopper":7,"minecraft:cobbled_deepslate":22,"minecraft:iron_ore":63,"minecraft:fire":8,"minecraft:deepslate_lapis_ore":9,"minecraft:fletching_table":1,"minecraft:white_banner":13,"minecraft:green_bed":1,"minecraft:deepslate_redstone_ore":1,"minecraft:cut_sandstone":3,"minecraft:torch":2,"minecraft:chest":3,"minecraft:dead_bush":9,"minecraft:nether_quartz_ore":12,"minecraft:cobblestone":16,"minecraft:sugar_cane":158,"minecraft:oak_planks":30,"minecraft:wall_torch":1,"minecraft:powered_rail":76,"minecraft:birch_log":39,"minecraft:wheat":24,"minecraft:activator_rail":11,"minecraft:birch_door":1,"minecraft:tnt":10,"minecraft:oak_log":171,"minecraft:sand":762,"minecraft:dirt":163,"minecraft:netherrack":378,"minecraft:oak_leaves":45,"minecraft:deepslate":82,"minecraft:nether_gold_ore":14,"minecraft:tuff":2,"minecraft:deepslate_diamond_ore":49,"minecraft:oak_door":6,"minecraft:dark_oak_fence":16,"minecraft:stone_button":2,"minecraft:cartography_table":4,"minecraft:sandstone":315,"minecraft:hay_block":46,"minecraft:redstone_ore":5,"minecraft:furnace":13,"minecraft:andesite":1,"minecraft:detector_rail":1,"minecraft:deepslate_iron_ore":40,"minecraft:cobblestone_slab":3,"minecraft:rail":418,"minecraft:warped_stem":16,"minecraft:stone":272,"minecraft:redstone_wall_torch":1,"minecraft:lily_of_the_valley":1,"minecraft:smooth_sandstone":1,"minecraft:crafting_table":11,"minecraft:short_grass":102,"minecraft:tall_grass":15,"minecraft:lapis_ore":7,"minecraft:deepslate_gold_ore":10,"minecraft:diorite":6,"minecraft:birch_planks":1,"minecraft:cactus":5,"minecraft:redstone_torch":71,"minecraft:white_wall_banner":2,"minecraft:coal_ore":189,"minecraft:gravel":13},"minecraft:used":{"minecraft:iron_shovel":758,"minecraft:poppy":3,"minecraft:ladder":24,"minecraft:chest":14,"minecraft:shield":67,"minecraft:stone":1,"minecraft:iron_sword":766,"minecraft:iron_chestplate":1,"minecraft:tuff":4,"minecraft:obsidian":10,"minecraft:glass":20,"minecraft:lava_bucket":2,"minecraft:item_frame":4,"minecraft:furnace":15,"minecraft:oak_sapling":44,"minecraft:egg":1,"minecraft:diorite":3,"minecraft:powered_rail":82,"minecraft:stone_pickaxe":108,"minecraft:oak_planks":227,"minecraft:wooden_pickaxe":8,"minecraft:sandstone":186,"minecraft:sugar_cane":51,"minecraft:sand":196,"minecraft:crossbow":19,"minecraft:redstone_torch":75,"minecraft:bread":100,"minecraft:stone_button":2,"minecraft:gravel":11,"minecraft:diamond_sword":53,"minecraft:dark_oak_fence":12,"minecraft:oak_boat":9,"minecraft:experience_bottle":1,"minecraft:oak_trapdoor":36,"minecraft:enchanting_table":1,"minecraft:stone_sword":131,"minecraft:flint_and_steel":3,"minecraft:stone_shovel":21,"minecraft:cooked_chicken":3,"minecraft:netherrack":190,"minecraft:oak_door":7,"minecraft:torch":296,"minecraft:dirt":360,"minecraft:anvil":1,"minecraft:hopper":11,"minecraft:granite":1,"minecraft:birch_door":1,"minecraft:iron_hoe":47,"minecraft:iron_axe":368,"minecraft:smooth_sandstone":1,"minecraft:light_gray_wool":1,"minecraft:goat_horn":19,"minecraft:minecart":12,"minecraft:cooked_beef":16,"minecraft:cobbled_deepslate":102,"minecraft:wheat_seeds":64,"minecraft:cooked_mutton":2,"minecraft:water_bucket":110,"minecraft:birch_planks":57,"minecraft:cartography_table":3,"minecraft:fletching_table":2,"minecraft:green_bed":1,"minecraft:cobblestone_slab":8,"minecraft:rail":423,"minecraft:tnt":1,"minecraft:crafting_table":14,"minecraft:white_bed":2,"minecraft:flower_pot":1,"minecraft:diamond_pickaxe":955,"minecraft:activator_rail":11,"minecraft:diamond_shovel":277,"minecraft:iron_pickaxe":1015,"minecraft:detector_rail":1,"minecraft:stone_axe":95,"minecraft:cobblestone":84,"minecraft:white_banner":27,"minecraft:cooked_porkchop":36,"minecraft:warped_fence_gate":13,"minecraft:bucket":113,"minecraft:dandelion":2},"minecraft:picked_up":{"minecraft:birch_door":1,"minecraft:wheat":18,"minecraft:flower_pot":1,"minecraft:lead":2,"minecraft:diamond_sword":1,"minecraft:string":16,"minecraft:raw_copper":1,"minecraft:activator_rail":11,"minecraft:gold_nugget":61,"minecraft:cobbled_deepslate":104,"minecraft:redstone_torch":75,"minecraft:cobblestone_slab":4,"minecraft:furnace":14,"minecraft:stick":31,"minecraft:torch":8,"minecraft:green_bed":1,"minecraft:porkchop":44,"minecraft:diorite":9,"minecraft:cactus":12,"minecraft:rotten_flesh":30,"minecraft:obsidian":22,"minecraft:cobblestone":299,"minecraft:birch_log":39,"minecraft:feather":2,"minecraft:andesite":1,"minecraft:flint":3,"minecraft:tuff":4,"minecraft:dirt":376,"minecraft:lapis_lazuli":97,"minecraft:bone":23,"minecraft:bow":1,"minecraft:wheat_seeds":81,"minecraft:raw_gold":9,"minecraft:fletching_table":1,"minecraft:powered_rail":82,"minecraft:oak_planks":47,"minecraft:cooked_porkchop":5,"minecraft:sand":757,"minecraft:warped_fence_gate":1,"minecraft:diamond":49,"minecraft:crossbow":18,"minecraft:granite":2,"minecraft:golden_apple":1,"minecraft:emerald":1,"minecraft:oak_sapling":45,"minecraft:netherrack":363,"minecraft:dark_oak_fence":14,"minecraft:crafting_table":11,"minecraft:chicken":3,"minecraft:shield":1,"minecraft:cartography_table":4,"minecraft:detector_rail":1,"minecraft:beef":24,"minecraft:oak_boat":8,"minecraft:poppy":3,"minecraft:light_gray_wool":1,"minecraft:minecart":11,"minecraft:chest":3,"minecraft:sugar_cane":333,"minecraft:egg":2,"minecraft:phantom_membrane":1,"minecraft:raw_iron":117,"minecraft:sandstone":315,"minecraft:oak_door":6,"minecraft:stone_button":2,"minecraft:redstone":25,"minecraft:iron_horse_armor":1,"minecraft:stone_pressure_plate":2,"minecraft:tnt":10,"minecraft:arrow":16,"minecraft:hay_block":45,"minecraft:saddle":3,"minecraft:mutton":15,"minecraft:white_wool":9,"minecraft:rail":416,"minecraft:glow_ink_sac":6,"minecraft:leather":20,"minecraft:cut_sandstone":3,"minecraft:birch_planks":1,"minecraft:oak_log":171,"minecraft:gunpowder":6,"minecraft:paper":2,"minecraft:white_banner":29,"minecraft:smooth_sandstone":1,"minecraft:apple":7,"minecraft:kelp":2,"minecraft:warped_stem":16,"minecraft:iron_ingot":26,"minecraft:quartz":12,"minecraft:dandelion":2,"minecraft:gravel":13,"minecraft:white_bed":1,"minecraft:spider_eye":4,"minecraft:coal":305,"minecraft:hopper":7},"minecraft:custom":{"minecraft:interact_with_crafting_table":85,"minecraft:bell_ring":1,"minecraft:leave_game":19,"minecraft:time_since_death":546358,"minecraft:sprint_one_cm":1344336,"minecraft:damage_blocked_by_shield":2108,"minecraft:drop":33,"minecraft:talked_to_villager":11,"minecraft:play_time":546358,"minecraft:jump":14793,"minecraft:walk_on_water_one_cm":82049,"minecraft:enchant_item":10,"minecraft:interact_with_furnace":105,"minecraft:traded_with_villager":15,"minecraft:interact_with_cartography_table":2,"minecraft:sleep_in_bed":4,"minecraft:damage_dealt":67032,"minecraft:crouch_one_cm":106303,"minecraft:horse_one_cm":1554007,"minecraft:interact_with_smithing_table":1,"minecraft:mob_kills":345,"minecraft:interact_with_anvil":7,"minecraft:inspect_hopper":3,"minecraft:climb_one_cm":15806,"minecraft:walk_one_cm":1237101,"minecraft:raid_win":4,"minecraft:sneak_time":39652,"minecraft:walk_under_water_one_cm":56687,"minecraft:boat_one_cm":38525,"minecraft:total_world_time":546358,"minecraft:raid_trigger":5,"minecraft:pot_flower":1,"minecraft:time_since_rest":398663,"minecraft:damage_taken":4750,"minecraft:minecart_one_cm":2394,"minecraft:swim_one_cm":117858,"minecraft:fly_one_cm":3500358,"minecraft:open_chest":259,"minecraft:fall_one_cm":337691},"minecraft:dropped":{"minecraft:mutton":1,"minecraft:cut_sandstone":3,"minecraft:white_wool":2,"minecraft:gravel":1,"minecraft:sugar_cane":193,"minecraft:rotten_flesh":12,"minecraft:wheat_seeds":10,"minecraft:iron_helmet":1,"minecraft:lead":1,"minecraft:coal":41,"minecraft:iron_axe":1,"minecraft:furnace":1,"minecraft:kelp":2,"minecraft:iron_chestplate":1,"minecraft:sandstone":4,"minecraft:wooden_pickaxe":1},"minecraft:killed":{"minecraft:spider":13,"minecraft:skeleton":23,"minecraft:chicken":3,"minecraft:piglin":1,"minecraft:pig":23,"minecraft:zombie_villager":2,"minecraft:creeper":3,"minecraft:sheep":12,"minecraft:pillager":181,"minecraft:zombie":32,"minecraft:cow":15,"minecraft:vindicator":9,"minecraft:phantom":2,"minecraft:horse":6,"minecraft:husk":3,"minecraft:wandering_trader":1,"minecraft:ravager":2,"minecraft:enderman":1},"minecraft:broken":{"minecraft:iron_shovel":3,"minecraft:stone_axe":1,"minecraft:stone_sword":1,"minecraft:iron_pickaxe":3},"minecraft:crafted":{"minecraft:oak_planks":684,"minecraft:cobblestone_slab":6,"minecraft:cooked_chicken":3,"minecraft:stone":16,"minecraft:diamond_shovel":1,"minecraft:cooked_mutton":7,"minecraft:warped_planks":64,"minecraft:hopper":4,"minecraft:glass":27,"minecraft:diamond_helmet":1,"minecraft:diamond_leggings":1,"minecraft:iron_boots":1,"minecraft:stone_pressure_plate":1,"minecraft:chest":17,"minecraft:birch_door":3,"minecraft:rail":48,"minecraft:stone_hoe":1,"minecraft:golden_boots":1,"minecraft:item_frame":4,"minecraft:arrow":128,"minecraft:emerald":7,"minecraft:cooked_porkchop":38,"minecraft:crafting_table":4,"minecraft:wooden_pickaxe":1,"minecraft:iron_helmet":1,"minecraft:fletching_table":1,"minecraft:birch_planks":156,"minecraft:iron_chestplate":1,"minecraft:diamond_pickaxe":1,"minecraft:shield":3,"minecraft:warped_fence_gate":12,"minecraft:stick":460,"minecraft:iron_ingot":131,"minecraft:iron_pickaxe":5,"minecraft:iron_block":3,"minecraft:stone_sword":1,"minecraft:gold_ingot":20,"minecraft:redstone_torch":9,"minecraft:oak_door":3,"minecraft:stone_shovel":1,"minecraft:furnace":3,"minecraft:stone_button":1,"minecraft:oak_trapdoor":40,"minecraft:flint_and_steel":1,"minecraft:warped_fence":9,"minecraft:detector_rail":6,"minecraft:iron_axe":2,"minecraft:ladder":42,"minecraft:iron_hoe":1,"minecraft:stone_pickaxe":1,"minecraft:diamond_boots":1,"minecraft:minecart":1,"minecraft:wheat":405,"minecraft:cooked_beef":24,"minecraft:crossbow":10,"minecraft:diamond_sword":3,"minecraft:enchanting_table":1,"minecraft:powered_rail":12,"minecraft:activator_rail":6,"minecraft:iron_sword":8,"minecraft:bucket":1,"minecraft:stone_axe":1,"minecraft:bread":135,"minecraft:air":0,"minecraft:oak_boat":4,"minecraft:golden_apple":1,"minecraft:iron_shovel":3,"minecraft:anvil":1,"minecraft:white_bed":1,"minecraft:torch":288,"minecraft:diamond_chestplate":1}},"DataVersion":3700}