{"stats":{"minecraft:mined":{"minecraft:oak_log":6,"minecraft:oak_leaves":6},"minecraft:used":{"minecraft:oak_log":1,"minecraft:oak_sapling":1},"minecraft:picked_up":{"minecraft:stick":8,"minecraft:oak_log":6,"minecraft:oak_sapling":1},"minecraft:custom":{"minecraft:jump":21,"minecraft:time_since_rest":283,"minecraft:damage_dealt":28,"minecraft:sprint_one_cm":754,"minecraft:deaths":2,"minecraft:play_time":6602,"minecraft:damage_taken":551,"minecraft:time_since_death":257,"minecraft:walk_one_cm":4549,"minecraft:total_world_time":6602,"minecraft:interact_with_crafting_table":1,"minecraft:fall_one_cm":2182,"minecraft:fly_one_cm":714,"minecraft:player_kills":1},"minecraft:killed_by":{"minecraft:player":1},"minecraft:crafted":{"minecraft:oak_planks":20,"minecraft:stick":4}},"DataVersion":3700}