{"stats":{"minecraft:crafted":{"minecraft:oak_planks":176,"minecraft:smooth_stone":32,"minecraft:cobblestone_slab":84,"minecraft:oak_sign":3,"minecraft:stone":548,"minecraft:lever":1,"minecraft:cooked_mutton":14,"minecraft:hopper":32,"minecraft:glass":274,"minecraft:stone_brick_slab":2,"minecraft:iron_boots":1,"minecraft:chest":60,"minecraft:acacia_fence":3,"minecraft:oak_button":3,"minecraft:rail":816,"minecraft:dried_kelp_block":20,"minecraft:stone_hoe":3,"minecraft:oak_fence":3,"minecraft:smoker":1,"minecraft:emerald":11,"minecraft:crafting_table":10,"minecraft:acacia_slab":18,"minecraft:wooden_pickaxe":1,"minecraft:dispenser":1,"minecraft:tnt":1,"minecraft:stone_brick_stairs":1,"minecraft:iron_chestplate":1,"minecraft:stick":544,"minecraft:iron_pickaxe":2,"minecraft:iron_block":3,"minecraft:composter":2,"minecraft:shears":1,"minecraft:oak_door":3,"minecraft:redstone":22,"minecraft:stone_shovel":7,"minecraft:stone_brick_wall":1,"minecraft:tripwire_hook":2,"minecraft:furnace":5,"minecraft:piston":24,"minecraft:oak_trapdoor":4,"minecraft:iron_axe":1,"minecraft:ladder":18,"minecraft:stone_pickaxe":10,"minecraft:minecart":12,"minecraft:observer":39,"minecraft:wheat":576,"minecraft:cooked_beef":5,"minecraft:iron_sword":1,"minecraft:bucket":6,"minecraft:stone_axe":5,"minecraft:bread":48,"minecraft:air":0,"minecraft:oak_fence_gate":1,"minecraft:wooden_axe":1,"minecraft:iron_shovel":5,"minecraft:iron_leggings":1,"minecraft:anvil":1,"minecraft:white_bed":3,"minecraft:note_block":1,"minecraft:acacia_planks":780,"minecraft:torch":64},"minecraft:custom":{"minecraft:interact_with_crafting_table":160,"minecraft:leave_game":4,"minecraft:time_since_death":152986,"minecraft:sprint_one_cm":1143263,"minecraft:drop":72,"minecraft:talked_to_villager":23,"minecraft:play_time":799785,"minecraft:deaths":7,"minecraft:jump":7346,"minecraft:walk_on_water_one_cm":77746,"minecraft:interact_with_furnace":112,"minecraft:traded_with_villager":22,"minecraft:sleep_in_bed":5,"minecraft:damage_dealt":13426,"minecraft:crouch_one_cm":114596,"minecraft:interact_with_smoker":18,"minecraft:inspect_dispenser":11,"minecraft:horse_one_cm":543339,"minecraft:mob_kills":91,"minecraft:interact_with_anvil":2,"minecraft:inspect_hopper":15,"minecraft:climb_one_cm":11671,"minecraft:walk_one_cm":1559561,"minecraft:sneak_time":39969,"minecraft:walk_under_water_one_cm":40419,"minecraft:total_world_time":799785,"minecraft:tune_noteblock":1,"minecraft:interact_with_grindstone":1,"minecraft:interact_with_stonecutter":20,"minecraft:time_since_rest":153401,"minecraft:damage_taken":4725,"minecraft:trigger_trapped_chest":2,"minecraft:minecart_one_cm":12411,"minecraft:swim_one_cm":100688,"minecraft:fly_one_cm":1473106,"minecraft:open_chest":414,"minecraft:fall_one_cm":148064},"minecraft:dropped":{"minecraft:dirt":13,"minecraft:seagrass":1,"minecraft:wet_sponge":8,"minecraft:stone_axe":1,"minecraft:wheat":1341,"minecraft:carrot":428,"minecraft:bread":401,"minecraft:wheat_seeds":23,"minecraft:golden_helmet":1,"minecraft:iron_helmet":1,"minecraft:lead":2,"minecraft:trapped_chest":2,"minecraft:stone_brick_slab":1,"minecraft:flint_and_steel":1,"minecraft:wooden_pickaxe":2,"minecraft:brick_slab":3},"minecraft:killed_by":{"minecraft:creeper":1,"minecraft:zombie":1,"minecraft:spider":1,"minecraft:iron_golem":1,"minecraft:skeleton":1},"minecraft:broken":{"minecraft:golden_helmet":1,"minecraft:iron_shovel":4,"minecraft:stone_pickaxe":8,"minecraft:stone_axe":3,"minecraft:wooden_axe":1,"minecraft:stone_shovel":3,"minecraft:iron_axe":1,"minecraft:iron_pickaxe":1},"minecraft:mined":{"minecraft:white_bed":5,"minecraft:cherry_log":16,"minecraft:brewing_stand":1,"minecraft:granite":1,"minecraft:acacia_log":199,"minecraft:grass_block":864,"minecraft:composter":6,"minecraft:hopper":2,"minecraft:oak_wall_sign":1,"minecraft:smooth_stone":7,"minecraft:tall_seagrass":1,"minecraft:magma_block":1,"minecraft:iron_ore":1,"minecraft:fire":12,"minecraft:fletching_table":6,"minecraft:azure_bluet":1,"minecraft:oak_sign":1,"minecraft:dirt_path":1,"minecraft:torch":4,"minecraft:poppy":1,"minecraft:chest":4,"minecraft:glass":33,"minecraft:nether_quartz_ore":115,"minecraft:cobblestone":109,"minecraft:sugar_cane":8,"minecraft:oak_planks":20,"minecraft:wall_torch":4,"minecraft:pink_petals":4,"minecraft:seagrass":1,"minecraft:powered_rail":14,"minecraft:wheat":130,"minecraft:light_gray_wool":3,"minecraft:oak_log":54,"minecraft:beetroots":1,"minecraft:sand":283,"minecraft:dirt":894,"minecraft:dispenser":1,"minecraft:stonecutter":2,"minecraft:netherrack":64,"minecraft:oak_leaves":93,"minecraft:mossy_cobblestone":1,"minecraft:mangrove_roots":5,"minecraft:lever":2,"minecraft:ladder":3,"minecraft:spruce_leaves":2,"minecraft:kelp":1,"minecraft:hay_block":66,"minecraft:oak_trapdoor":3,"minecraft:furnace":1,"minecraft:carrots":21,"minecraft:andesite":83,"minecraft:potatoes":17,"minecraft:cobblestone_slab":68,"minecraft:rail":136,"minecraft:wet_sponge":8,"minecraft:bamboo_sapling":2,"minecraft:bamboo":1,"minecraft:stone":698,"minecraft:acacia_leaves":57,"minecraft:stone_brick_slab":20,"minecraft:observer":5,"minecraft:dandelion":5,"minecraft:crafting_table":8,"minecraft:short_grass":479,"minecraft:campfire":2,"minecraft:tall_grass":20,"minecraft:copper_ore":8,"minecraft:lily_pad":1,"minecraft:coarse_dirt":10,"minecraft:trapped_chest":2,"minecraft:mangrove_leaves":3,"minecraft:bee_nest":1,"minecraft:coal_ore":152,"minecraft:cherry_leaves":16,"minecraft:gravel":4,"minecraft:acacia_planks":1,"minecraft:oak_button":1,"minecraft:stone_bricks":19,"minecraft:fern":1},"minecraft:used":{"minecraft:iron_shovel":1133,"minecraft:dispenser":3,"minecraft:poppy":1,"minecraft:ladder":12,"minecraft:oak_sign":21,"minecraft:chest":32,"minecraft:stone":34,"minecraft:iron_sword":21,"minecraft:zombie_spawn_egg":4,"minecraft:rotten_flesh":4,"minecraft:iron_chestplate":1,"minecraft:mutton":1,"minecraft:carrot":104,"minecraft:azure_bluet":1,"minecraft:obsidian":15,"minecraft:glass":454,"minecraft:lava_bucket":4,"minecraft:villager_spawn_egg":6,"minecraft:grass_block":1,"minecraft:iron_helmet":6,"minecraft:stone_brick_stairs":1,"minecraft:stone_bricks":386,"minecraft:magma_block":1,"minecraft:furnace":5,"minecraft:acacia_fence":6,"minecraft:oak_chest_boat":2,"minecraft:powered_rail":17,"minecraft:stone_pickaxe":1092,"minecraft:oak_planks":28,"minecraft:wooden_pickaxe":25,"minecraft:composter":9,"minecraft:oak_leaves":19,"minecraft:white_wool":1,"minecraft:sponge":8,"minecraft:note_block":1,"minecraft:stone_brick_wall":1,"minecraft:shears":57,"minecraft:redstone_torch":1,"minecraft:lever":2,"minecraft:bread":68,"minecraft:string":1,"minecraft:stone_button":1,"minecraft:golden_helmet":8,"minecraft:andesite":7,"minecraft:coarse_dirt":10,"minecraft:oak_trapdoor":20,"minecraft:acacia_log":1,"minecraft:flint_and_steel":4,"minecraft:stone_shovel":744,"minecraft:redstone":19,"minecraft:stone_hoe":729,"minecraft:oak_door":2,"minecraft:torch":53,"minecraft:brewing_stand":1,"minecraft:dirt":1564,"minecraft:anvil":1,"minecraft:hopper":38,"minecraft:oak_fence_gate":1,"minecraft:stone_brick_slab":262,"minecraft:wooden_axe":35,"minecraft:iron_axe":234,"minecraft:iron_boots":1,"minecraft:bamboo":11,"minecraft:light_gray_wool":3,"minecraft:tripwire_hook":2,"minecraft:minecart":5,"minecraft:trapped_chest":7,"minecraft:cooked_beef":5,"minecraft:acacia_planks":1,"minecraft:observer":44,"minecraft:wheat_seeds":93,"minecraft:cooked_mutton":7,"minecraft:water_bucket":153,"minecraft:fletching_table":6,"minecraft:stonecutter":2,"minecraft:cobblestone_slab":145,"minecraft:rail":613,"minecraft:tnt":1,"minecraft:crafting_table":18,"minecraft:white_bed":15,"minecraft:smoker":1,"minecraft:mud":9,"minecraft:piston":24,"minecraft:wooden_hoe":94,"minecraft:apple":6,"minecraft:oak_button":4,"minecraft:iron_pickaxe":389,"minecraft:stone_axe":393,"minecraft:cobblestone":143,"minecraft:bucket":98,"minecraft:yellow_bed":1,"minecraft:kelp":14,"minecraft:smooth_stone":32},"minecraft:picked_up":{"minecraft:iron_chestplate":5,"minecraft:wheat":553,"minecraft:lead":8,"minecraft:brewing_stand":1,"minecraft:string":10,"minecraft:raw_copper":37,"minecraft:iron_leggings":1,"minecraft:oak_sign":6,"minecraft:smooth_stone":6,"minecraft:bucket":5,"minecraft:cobblestone_slab":93,"minecraft:iron_pickaxe":1,"minecraft:iron_boots":1,"minecraft:furnace":1,"minecraft:golden_helmet":6,"minecraft:stick":67,"minecraft:composter":8,"minecraft:torch":51,"minecraft:acacia_log":196,"minecraft:porkchop":14,"minecraft:dried_kelp":6,"minecraft:cherry_log":15,"minecraft:zombie_spawn_egg":1,"minecraft:rotten_flesh":48,"minecraft:mangrove_roots":5,"minecraft:cobblestone":1144,"minecraft:pink_petals":9,"minecraft:magma_block":1,"minecraft:cooked_beef":3,"minecraft:magma_cream":3,"minecraft:andesite":295,"minecraft:potato":19,"minecraft:dirt":2187,"minecraft:glass":37,"minecraft:bone":7,"minecraft:acacia_planks":26,"minecraft:stonecutter":2,"minecraft:bow":2,"minecraft:wheat_seeds":385,"minecraft:bamboo":5,"minecraft:fletching_table":6,"minecraft:powered_rail":16,"minecraft:oak_planks":57,"minecraft:sand":285,"minecraft:trapped_chest":2,"minecraft:dispenser":1,"minecraft:lever":2,"minecraft:granite":2,"minecraft:bread":225,"minecraft:oak_sapling":11,"minecraft:netherrack":62,"minecraft:oak_leaves":56,"minecraft:coarse_dirt":10,"minecraft:charcoal":4,"minecraft:crafting_table":9,"minecraft:azure_bluet":2,"minecraft:ladder":6,"minecraft:wooden_pickaxe":1,"minecraft:cornflower":1,"minecraft:oak_trapdoor":3,"minecraft:iron_axe":1,"minecraft:flint_and_steel":1,"minecraft:iron_shovel":1,"minecraft:beef":5,"minecraft:observer":5,"minecraft:poppy":25,"minecraft:light_gray_wool":5,"minecraft:minecart":15,"minecraft:sugar_cane":20,"minecraft:chest":4,"minecraft:egg":2,"minecraft:raw_iron":1,"minecraft:copper_ingot":1,"minecraft:carrot":30,"minecraft:redstone":37,"minecraft:arrow":8,"minecraft:stone_shovel":4,"minecraft:beetroot_seeds":1,"minecraft:hay_block":65,"minecraft:mutton":21,"minecraft:white_wool":10,"minecraft:rail":324,"minecraft:wet_sponge":24,"minecraft:leather":4,"minecraft:oak_log":65,"minecraft:lily_pad":1,"minecraft:gunpowder":10,"minecraft:stone_bricks":19,"minecraft:kelp":17,"minecraft:stone_pickaxe":5,"minecraft:iron_ingot":124,"minecraft:iron_sword":1,"minecraft:acacia_sapling":11,"minecraft:stone_brick_slab":51,"minecraft:quartz":132,"minecraft:dandelion":8,"minecraft:gravel":4,"minecraft:lava_bucket":1,"minecraft:spruce_sapling":3,"minecraft:white_bed":9,"minecraft:spider_eye":6,"minecraft:stone_axe":9,"minecraft:iron_helmet":5,"minecraft:cherry_sapling":5,"minecraft:gray_wool":1,"minecraft:oak_button":2,"minecraft:black_wool":2,"minecraft:coal":162,"minecraft:hopper":1},"minecraft:killed":{"minecraft:spider":6,"minecraft:skeleton":6,"minecraft:magma_cube":18,"minecraft:piglin":1,"minecraft:pig":7,"minecraft:iron_golem":3,"minecraft:creeper":7,"minecraft:sheep":14,"minecraft:trader_llama":2,"minecraft:zombie":12,"minecraft:cow":2,"minecraft:horse":1,"minecraft:drowned":4,"minecraft:wandering_trader":1,"minecraft:villager":6}},"DataVersion":3700}