{"stats":{"minecraft:killed":{"minecraft:spider":3,"minecraft:skeleton":1,"minecraft:horse":1,"minecraft:drowned":4,"minecraft:magma_cube":18,"minecraft:pig":7,"minecraft:iron_golem":1,"minecraft:wandering_trader":1,"minecraft:sheep":14,"minecraft:trader_llama":2,"minecraft:zombie":7,"minecraft:villager":6,"minecraft:cow":2},"minecraft:picked_up":{"minecraft:crafting_table":9,"minecraft:charcoal":4,"minecraft:iron_chestplate":4,"minecraft:wheat":544,"minecraft:azure_bluet":2,"minecraft:ladder":5,"minecraft:lead":6,"minecraft:wooden_pickaxe":1,"minecraft:cornflower":1,"minecraft:string":6,"minecraft:oak_trapdoor":3,"minecraft:raw_copper":37,"minecraft:flint_and_steel":1,"minecraft:oak_sign":1,"minecraft:bucket":3,"minecraft:beef":5,"minecraft:cobblestone_slab":82,"minecraft:poppy":2,"minecraft:light_gray_wool":5,"minecraft:minecart":3,"minecraft:sugar_cane":10,"minecraft:chest":3,"minecraft:egg":2,"minecraft:golden_helmet":3,"minecraft:stick":45,"minecraft:raw_iron":1,"minecraft:composter":8,"minecraft:copper_ingot":1,"minecraft:torch":24,"minecraft:acacia_log":57,"minecraft:porkchop":14,"minecraft:cherry_log":15,"minecraft:carrot":30,"minecraft:rotten_flesh":28,"minecraft:arrow":3,"minecraft:stone_shovel":2,"minecraft:beetroot_seeds":1,"minecraft:hay_block":63,"minecraft:mutton":21,"minecraft:cobblestone":900,"minecraft:rail":16,"minecraft:white_wool":10,"minecraft:wet_sponge":24,"minecraft:pink_petals":9,"minecraft:magma_block":1,"minecraft:magma_cream":3,"minecraft:andesite":291,"minecraft:leather":4,"minecraft:potato":19,"minecraft:oak_log":34,"minecraft:dirt":768,"minecraft:stonecutter":1,"minecraft:bow":2,"minecraft:wheat_seeds":324,"minecraft:stone_pickaxe":3,"minecraft:iron_ingot":5,"minecraft:fletching_table":6,"minecraft:powered_rail":12,"minecraft:acacia_sapling":6,"minecraft:oak_planks":25,"minecraft:stone_brick_slab":6,"minecraft:quartz":14,"minecraft:dandelion":8,"minecraft:lava_bucket":1,"minecraft:sand":128,"minecraft:spruce_sapling":3,"minecraft:white_bed":9,"minecraft:spider_eye":2,"minecraft:dispenser":1,"minecraft:stone_axe":4,"minecraft:lever":2,"minecraft:iron_helmet":5,"minecraft:cherry_sapling":5,"minecraft:gray_wool":1,"minecraft:bread":161,"minecraft:oak_button":2,"minecraft:oak_sapling":6,"minecraft:netherrack":1,"minecraft:black_wool":2,"minecraft:coal":38},"minecraft:killed_by":{"minecraft:creeper":1,"minecraft:spider":1},"minecraft:used":{"minecraft:oak_trapdoor":20,"minecraft:flint_and_steel":4,"minecraft:stone_shovel":434,"minecraft:dispenser":2,"minecraft:ladder":11,"minecraft:poppy":1,"minecraft:oak_sign":21,"minecraft:chest":7,"minecraft:stone":34,"minecraft:stone_hoe":729,"minecraft:iron_chestplate":1,"minecraft:oak_door":2,"minecraft:torch":40,"minecraft:dirt":722,"minecraft:mutton":1,"minecraft:hopper":4,"minecraft:carrot":104,"minecraft:azure_bluet":1,"minecraft:obsidian":15,"minecraft:glass":264,"minecraft:wooden_axe":35,"minecraft:stone_brick_slab":154,"minecraft:lava_bucket":3,"minecraft:villager_spawn_egg":6,"minecraft:grass_block":1,"minecraft:iron_helmet":6,"minecraft:stone_bricks":148,"minecraft:light_gray_wool":3,"minecraft:magma_block":1,"minecraft:furnace":3,"minecraft:acacia_fence":6,"minecraft:trapped_chest":7,"minecraft:oak_chest_boat":2,"minecraft:wheat_seeds":93,"minecraft:water_bucket":68,"minecraft:stone_pickaxe":903,"minecraft:powered_rail":17,"minecraft:oak_planks":27,"minecraft:wooden_pickaxe":25,"minecraft:composter":9,"minecraft:fletching_table":6,"minecraft:cobblestone_slab":137,"minecraft:white_wool":1,"minecraft:rail":29,"minecraft:crafting_table":13,"minecraft:white_bed":15,"minecraft:sponge":8,"minecraft:redstone_torch":1,"minecraft:wooden_hoe":94,"minecraft:lever":2,"minecraft:apple":6,"minecraft:bread":28,"minecraft:oak_button":3,"minecraft:stone_button":1,"minecraft:golden_helmet":6,"minecraft:stone_axe":323,"minecraft:cobblestone":143,"minecraft:andesite":7,"minecraft:bucket":11,"minecraft:yellow_bed":1,"minecraft:smooth_stone":3},"minecraft:dropped":{"minecraft:bread":401,"minecraft:wheat_seeds":23,"minecraft:golden_helmet":1,"minecraft:iron_helmet":1,"minecraft:lead":2,"minecraft:dirt":11,"minecraft:wet_sponge":8,"minecraft:stone_axe":1,"minecraft:wheat":1341,"minecraft:carrot":428,"minecraft:flint_and_steel":1,"minecraft:wooden_pickaxe":2},"minecraft:broken":{"minecraft:stone_pickaxe":7,"minecraft:stone_axe":3,"minecraft:wooden_axe":1,"minecraft:stone_shovel":2},"minecraft:crafted":{"minecraft:oak_door":3,"minecraft:oak_planks":92,"minecraft:oak_sign":3,"minecraft:stone_shovel":4,"minecraft:cobblestone_slab":84,"minecraft:furnace":3,"minecraft:lever":1,"minecraft:cooked_mutton":14,"minecraft:oak_trapdoor":4,"minecraft:glass":89,"minecraft:ladder":18,"minecraft:stone_pickaxe":8,"minecraft:chest":4,"minecraft:oak_button":1,"minecraft:acacia_fence":3,"minecraft:stone_hoe":3,"minecraft:wheat":567,"minecraft:cooked_beef":5,"minecraft:emerald":7,"minecraft:crafting_table":5,"minecraft:acacia_slab":18,"minecraft:wooden_pickaxe":1,"minecraft:bucket":2,"minecraft:stone_axe":3,"minecraft:bread":45,"minecraft:air":0,"minecraft:dispenser":1,"minecraft:stick":384,"minecraft:wooden_axe":1,"minecraft:white_bed":3,"minecraft:composter":2,"minecraft:acacia_planks":228,"minecraft:torch":32},"minecraft:mined":{"minecraft:white_bed":5,"minecraft:mossy_cobblestone":1,"minecraft:cherry_log":16,"minecraft:lever":2,"minecraft:ladder":2,"minecraft:acacia_log":57,"minecraft:grass_block":194,"minecraft:spruce_leaves":2,"minecraft:composter":6,"minecraft:hay_block":65,"minecraft:magma_block":1,"minecraft:oak_trapdoor":3,"minecraft:carrots":21,"minecraft:iron_ore":1,"minecraft:fire":3,"minecraft:andesite":81,"minecraft:fletching_table":6,"minecraft:azure_bluet":1,"minecraft:potatoes":17,"minecraft:cobblestone_slab":58,"minecraft:rail":13,"minecraft:wet_sponge":8,"minecraft:stone":584,"minecraft:acacia_leaves":20,"minecraft:stone_brick_slab":6,"minecraft:dandelion":5,"minecraft:crafting_table":8,"minecraft:torch":1,"minecraft:short_grass":431,"minecraft:poppy":1,"minecraft:chest":3,"minecraft:campfire":2,"minecraft:nether_quartz_ore":14,"minecraft:glass":2,"minecraft:tall_grass":10,"minecraft:copper_ore":8,"minecraft:cobblestone":108,"minecraft:sugar_cane":4,"minecraft:oak_planks":20,"minecraft:wall_torch":4,"minecraft:pink_petals":4,"minecraft:powered_rail":12,"minecraft:wheat":122,"minecraft:light_gray_wool":3,"minecraft:bee_nest":1,"minecraft:oak_log":23,"minecraft:coal_ore":28,"minecraft:beetroots":1,"minecraft:cherry_leaves":16,"minecraft:sand":128,"minecraft:dirt":194,"minecraft:oak_button":1,"minecraft:dispenser":1,"minecraft:stonecutter":1,"minecraft:netherrack":2,"minecraft:oak_leaves":7,"minecraft:fern":1},"minecraft:custom":{"minecraft:mob_kills":68,"minecraft:interact_with_crafting_table":61,"minecraft:leave_game":2,"minecraft:time_since_death":170426,"minecraft:climb_one_cm":10148,"minecraft:sprint_one_cm":549807,"minecraft:walk_one_cm":792077,"minecraft:drop":66,"minecraft:talked_to_villager":15,"minecraft:play_time":396104,"minecraft:sneak_time":14278,"minecraft:deaths":3,"minecraft:walk_under_water_one_cm":30955,"minecraft:jump":3042,"minecraft:walk_on_water_one_cm":63027,"minecraft:total_world_time":396104,"minecraft:interact_with_furnace":23,"minecraft:traded_with_villager":7,"minecraft:interact_with_grindstone":1,"minecraft:sleep_in_bed":4,"minecraft:time_since_rest":6416,"minecraft:damage_taken":1756,"minecraft:trigger_trapped_chest":1,"minecraft:damage_dealt":8276,"minecraft:swim_one_cm":56809,"minecraft:fly_one_cm":672042,"minecraft:open_chest":118,"minecraft:crouch_one_cm":37361,"minecraft:fall_one_cm":54203,"minecraft:inspect_dispenser":7,"minecraft:horse_one_cm":234534}},"DataVersion":3700}