{"stats":{"minecraft:mined":{"minecraft:vine":1,"minecraft:mangrove_leaves":9},"minecraft:used":{"minecraft:cooked_beef":3,"minecraft:mangrove_propagule":1},"minecraft:custom":{"minecraft:jump":298,"minecraft:time_since_rest":13525,"minecraft:damage_dealt":16,"minecraft:leave_game":1,"minecraft:walk_on_water_one_cm":14113,"minecraft:sprint_one_cm":41268,"minecraft:play_time":13525,"minecraft:damage_taken":200,"minecraft:time_since_death":13525,"minecraft:walk_one_cm":13225,"minecraft:sneak_time":8,"minecraft:climb_one_cm":2529,"minecraft:total_world_time":13525,"minecraft:walk_under_water_one_cm":1794,"minecraft:mob_kills":1,"minecraft:swim_one_cm":18954,"minecraft:fall_one_cm":7188,"minecraft:fly_one_cm":68853},"minecraft:picked_up":{"minecraft:stick":2,"minecraft:mangrove_propagule":1}},"DataVersion":3700}