{"stats":{"minecraft:dropped":{"minecraft:bread":4,"minecraft:wheat_seeds":21,"minecraft:grass_block":64,"minecraft:sunflower":1,"minecraft:cactus":1,"minecraft:dandelion":1,"minecraft:gold_ingot":5,"minecraft:bowl":1,"minecraft:carrot":18,"minecraft:filled_map":1,"minecraft:hay_block":9,"minecraft:melon_seeds":1,"minecraft:wooden_pickaxe":1},"minecraft:crafted":{"minecraft:cherry_planks":80,"minecraft:oak_planks":276,"minecraft:stone_shovel":3,"minecraft:cherry_boat":1,"minecraft:glass":63,"minecraft:cherry_trapdoor":4,"minecraft:stone_pickaxe":1,"minecraft:chest":4,"minecraft:rail":16,"minecraft:stone_hoe":1,"minecraft:minecart":1,"minecraft:wheat":99,"minecraft:oak_slab":18,"minecraft:crafting_table":4,"minecraft:wooden_pickaxe":1,"minecraft:bucket":1,"minecraft:stone_axe":1,"minecraft:bread":33,"minecraft:air":0,"minecraft:oak_boat":1,"minecraft:stick":26,"minecraft:wooden_axe":1,"minecraft:white_bed":1,"minecraft:composter":2,"minecraft:torch":16},"minecraft:picked_up":{"minecraft:wooden_axe":1,"minecraft:crafting_table":6,"minecraft:wheat":1,"minecraft:wooden_pickaxe":1,"minecraft:brewing_stand":2,"minecraft:beetroot":2,"minecraft:cherry_boat":1,"minecraft:red_sand":1,"minecraft:beef":3,"minecraft:oak_boat":9,"minecraft:lectern":1,"minecraft:sugar_cane":26,"minecraft:cherry_trapdoor":1,"minecraft:furnace":2,"minecraft:stick":54,"minecraft:raw_iron":32,"minecraft:jungle_door":2,"minecraft:torch":3,"minecraft:porkchop":2,"minecraft:cherry_log":20,"minecraft:carrot":16,"minecraft:cactus":6,"minecraft:beetroot_seeds":6,"minecraft:hay_block":38,"minecraft:white_terracotta":2,"minecraft:mutton":14,"minecraft:white_wool":9,"minecraft:cobblestone":29,"minecraft:cooked_beef":2,"minecraft:cherry_planks":3,"minecraft:salmon":1,"minecraft:leather":4,"minecraft:potato":29,"minecraft:oak_log":105,"minecraft:yellow_bed":2,"minecraft:cobblestone_stairs":1,"minecraft:dirt":284,"minecraft:glass":86,"minecraft:apple":1,"minecraft:wheat_seeds":75,"minecraft:grindstone":1,"minecraft:iron_ingot":8,"minecraft:bamboo":10,"minecraft:oak_planks":27,"minecraft:book":24,"minecraft:oak_slab":1,"minecraft:dandelion":1,"minecraft:poisonous_potato":1,"minecraft:sand":163,"minecraft:white_bed":4,"minecraft:grass_block":1,"minecraft:spider_eye":1,"minecraft:mossy_cobblestone":1,"minecraft:stone_axe":1,"minecraft:iron_helmet":1,"minecraft:cherry_sapling":2,"minecraft:bread":1,"minecraft:melon_seeds":1,"minecraft:black_wool":2,"minecraft:coal":92,"minecraft:ender_pearl":1,"minecraft:sunflower":1},"minecraft:mined":{"minecraft:white_bed":4,"minecraft:mossy_cobblestone":1,"minecraft:cherry_log":20,"minecraft:cobblestone_stairs":1,"minecraft:brewing_stand":2,"minecraft:cherry_trapdoor":1,"minecraft:red_sand":1,"minecraft:grass_block":147,"minecraft:jungle_log":2,"minecraft:kelp":1,"minecraft:hay_block":34,"minecraft:furnace":2,"minecraft:carrots":14,"minecraft:iron_ore":4,"minecraft:cobbled_deepslate":1,"minecraft:bookshelf":8,"minecraft:potatoes":26,"minecraft:bamboo":1,"minecraft:stone":19,"minecraft:spruce_slab":1,"minecraft:oak_slab":1,"minecraft:glass_pane":1,"minecraft:jungle_door":2,"minecraft:cherry_planks":5,"minecraft:melon_stem":1,"minecraft:crafting_table":5,"minecraft:short_grass":12,"minecraft:dead_bush":53,"minecraft:lectern":1,"minecraft:glass":5,"minecraft:cobblestone":6,"minecraft:grindstone":1,"minecraft:oak_planks":9,"minecraft:sugar_cane":8,"minecraft:wall_torch":2,"minecraft:white_terracotta":2,"minecraft:cactus":5,"minecraft:wheat":41,"minecraft:birch_leaves":3,"minecraft:yellow_bed":2,"minecraft:oak_log":98,"minecraft:coal_ore":43,"minecraft:beetroots":3,"minecraft:cherry_leaves":15,"minecraft:gravel":2,"minecraft:sand":164,"minecraft:dirt":176,"minecraft:oak_leaves":32,"minecraft:fern":1},"minecraft:killed_by":{"minecraft:player":2},"minecraft:used":{"minecraft:cherry_boat":1,"minecraft:cherry_sapling":2,"minecraft:red_sand":1,"minecraft:stone_shovel":394,"minecraft:chest":4,"minecraft:iron_sword":23,"minecraft:stone_hoe":80,"minecraft:torch":19,"minecraft:brewing_stand":1,"minecraft:dirt":241,"minecraft:carrot":82,"minecraft:glass":99,"minecraft:wooden_axe":56,"minecraft:grass_block":62,"minecraft:cherry_trapdoor":4,"minecraft:beef":1,"minecraft:cooked_beef":2,"minecraft:potato":20,"minecraft:water_bucket":13,"minecraft:stone_pickaxe":82,"minecraft:oak_planks":5,"minecraft:cactus":5,"minecraft:wooden_pickaxe":6,"minecraft:cherry_planks":62,"minecraft:composter":2,"minecraft:golden_apple":1,"minecraft:sand":1,"minecraft:rail":7,"minecraft:oak_slab":4,"minecraft:crafting_table":8,"minecraft:white_bed":5,"minecraft:apple":1,"minecraft:bread":35,"minecraft:suspicious_stew":1,"minecraft:stone_axe":125,"minecraft:cobblestone":13,"minecraft:porkchop":2,"minecraft:jungle_door":1,"minecraft:bucket":13,"minecraft:yellow_bed":2,"minecraft:oak_boat":9},"minecraft:killed":{"minecraft:pig":1,"minecraft:salmon":1,"minecraft:sheep":5,"minecraft:villager":4,"minecraft:enderman":1,"minecraft:cow":2},"minecraft:custom":{"minecraft:mob_kills":14,"minecraft:interact_with_crafting_table":33,"minecraft:bell_ring":16,"minecraft:leave_game":1,"minecraft:time_since_death":194477,"minecraft:climb_one_cm":3633,"minecraft:sprint_one_cm":486250,"minecraft:walk_one_cm":467636,"minecraft:drop":16,"minecraft:talked_to_villager":3,"minecraft:play_time":217957,"minecraft:deaths":2,"minecraft:sneak_time":7445,"minecraft:walk_under_water_one_cm":33377,"minecraft:boat_one_cm":470209,"minecraft:jump":4138,"minecraft:walk_on_water_one_cm":26399,"minecraft:total_world_time":217957,"minecraft:interact_with_furnace":18,"minecraft:sleep_in_bed":1,"minecraft:time_since_rest":11429,"minecraft:damage_taken":2348,"minecraft:damage_dealt":1840,"minecraft:swim_one_cm":137221,"minecraft:fly_one_cm":771548,"minecraft:open_chest":86,"minecraft:crouch_one_cm":19599,"minecraft:fall_one_cm":124996,"minecraft:horse_one_cm":634154},"minecraft:broken":{"minecraft:stone_axe":1,"minecraft:wooden_axe":1,"minecraft:stone_shovel":3}},"DataVersion":3839}