{"stats":{"minecraft:used":{"minecraft:cooked_beef":2},"minecraft:picked_up":{"minecraft:stick":7,"minecraft:poppy":2,"minecraft:wheat_seeds":3},"minecraft:mined":{"minecraft:short_grass":15,"minecraft:poppy":2,"minecraft:dead_bush":8,"minecraft:fern":2},"minecraft:custom":{"minecraft:jump":260,"minecraft:time_since_rest":5650,"minecraft:leave_game":2,"minecraft:play_time":5650,"minecraft:sprint_one_cm":23342,"minecraft:time_since_death":5650,"minecraft:walk_one_cm":4740,"minecraft:sneak_time":3,"minecraft:total_world_time":5650,"minecraft:fly_one_cm":71378,"minecraft:fall_one_cm":10531}},"DataVersion":3700}